<?xml version="1.0" encoding="UTF-8"?>
<project-private xmlns="http://www.netbeans.org/ns/project-private/1">
    <editor-bookmarks xmlns="http://www.netbeans.org/ns/editor-bookmarks/2" lastBookmarkId="0"/>
    <open-files xmlns="http://www.netbeans.org/ns/projectui-open-files/2">
        <group>
            <file>file:/C:/Users/Sai/Documents/NetBeansProjects/Sample/Online%20Hotel%20Reservation1/web/admin.jsp</file>
            <file>file:/C:/Users/Sai/Documents/NetBeansProjects/Sample/Online%20Hotel%20Reservation1/web/changed_rcapacity.jsp</file>
            <file>file:/C:/Users/Sai/Documents/NetBeansProjects/Sample/Online%20Hotel%20Reservation1/web/change_room_capacity.jsp</file>
            <file>file:/C:/Users/Sai/Documents/NetBeansProjects/Sample/Online%20Hotel%20Reservation1/web/login.html</file>
            <file>file:/C:/Users/Sai/Documents/NetBeansProjects/Sample/Online%20Hotel%20Reservation1/web/filling_room_details.jsp</file>
            <file>file:/C:/Users/Sai/Documents/NetBeansProjects/Sample/Online%20Hotel%20Reservation1/web/registration.jsp</file>
            <file>file:/C:/Users/Sai/Documents/NetBeansProjects/Sample/Online%20Hotel%20Reservation1/web/function1.jsp</file>
            <file>file:/C:/Users/Sai/Documents/NetBeansProjects/Sample/Online%20Hotel%20Reservation1/web/login.jsp</file>
            <file>file:/C:/Users/Sai/Documents/NetBeansProjects/Sample/Online%20Hotel%20Reservation1/web/registration.html</file>
            <file>file:/C:/Users/Sai/Documents/NetBeansProjects/Sample/Online%20Hotel%20Reservation1/web/index.html</file>
            <file>file:/C:/Users/Sai/Documents/NetBeansProjects/Sample/Online%20Hotel%20Reservation1/web/change_room_type.jsp</file>
            <file>file:/C:/Users/Sai/Documents/NetBeansProjects/Sample/Online%20Hotel%20Reservation1/web/changed_rtype.jsp</file>
        </group>
    </open-files>
</project-private>
